{
  "main": {
    "id": "17146826f4057869",
    "type": "split",
    "children": [
      {
        "id": "7a39968677f43b03",
        "type": "tabs",
        "children": [
          {
            "id": "f62e721588708ffe",
            "type": "leaf",
            "state": {
              "type": "markdown",
              "state": {
                "file": "name_B.md",
                "mode": "source",
                "source": false
              }
            }
          }
        ]
      }
    ],
    "direction": "vertical"
  },
  "left": {
    "id": "d069ea5a9e353a65",
    "type": "split",
    "children": [
      {
        "id": "50cb4df8e465d545",
        "type": "tabs",
        "children": [
          {
            "id": "945964224532e501",
            "type": "leaf",
            "state": {
              "type": "file-explorer",
              "state": {
                "sortOrder": "alphabetical"
              }
            }
          },
          {
            "id": "0ddfae9a26a0d9ec",
            "type": "leaf",
            "state": {
              "type": "search",
              "state": {
                "query": "",
                "matchingCase": false,
                "explainSearch": false,
                "collapseAll": false,
                "extraContext": false,
                "sortOrder": "alphabetical"
              }
            }
          },
          {
            "id": "19eadaed6fe6f4bc",
            "type": "leaf",
            "state": {
              "type": "starred",
              "state": {}
            }
          }
        ]
      }
    ],
    "direction": "horizontal",
    "width": 300
  },
  "right": {
    "id": "78771e1df60a9125",
    "type": "split",
    "children": [
      {
        "id": "d2d32aad4cc22587",
        "type": "tabs",
        "children": [
          {
            "id": "7e1a1c1a60ea17d4",
            "type": "leaf",
            "state": {
              "type": "backlink",
              "state": {
                "file": "name_B.md",
                "collapseAll": false,
                "extraContext": false,
                "sortOrder": "alphabetical",
                "showSearch": false,
                "searchQuery": "",
                "backlinkCollapsed": false,
                "unlinkedCollapsed": true
              }
            }
          },
          {
            "id": "39f6e2c2a1ca187b",
            "type": "leaf",
            "state": {
              "type": "outgoing-link",
              "state": {
                "file": "name_B.md",
                "linksCollapsed": false,
                "unlinkedCollapsed": true
              }
            }
          },
          {
            "id": "6767f798d3f4c602",
            "type": "leaf",
            "state": {
              "type": "tag",
              "state": {
                "sortOrder": "frequency",
                "useHierarchy": true
              }
            }
          },
          {
            "id": "26d0d2af52b808ca",
            "type": "leaf",
            "state": {
              "type": "outline",
              "state": {
                "file": "name_B.md"
              }
            }
          }
        ]
      }
    ],
    "direction": "horizontal",
    "width": 300,
    "collapsed": true
  },
  "left-ribbon": {
    "hiddenItems": {
      "switcher:クイックスイッチャーを開く": false,
      "graph:グラフビューを開く": false,
      "canvas:新規キャンバスを作成": false,
      "daily-notes:今日のデイリーノートを開く": false,
      "templates:テンプレートを挿入": false,
      "command-palette:コマンドパレットを開く": false,
      "obsidian-markbase:Sync all Markbase projects": false
    }
  },
  "active": "945964224532e501",
  "lastOpenFiles": [
    "name_A.md",
    "name_B.md"
  ]
}